event_time,bookmaker,Fighter,Opponent,odds_f1,odds_f2,market
2023-10-11 23:00:00,Bovada,Carolina Hurricanes,Ottawa Senators,-800,475,h2h
2023-10-11 23:00:00,Bovada,Carolina Hurricanes,Ottawa Senators,-170,130,spreads
2023-10-11 23:00:00,Unibet,Carolina Hurricanes,Ottawa Senators,-500,320,spreads
2023-10-11 23:00:00,FanDuel,Carolina Hurricanes,Ottawa Senators,-138,108,spreads
2023-10-11 23:00:00,TwinSpires,Carolina Hurricanes,Ottawa Senators,-500,320,spreads
2023-10-11 23:00:00,Caesars,Carolina Hurricanes,Ottawa Senators,-200000,6000,h2h
2023-10-11 23:00:00,BetMGM,Carolina Hurricanes,Ottawa Senators,-10000,1600,h2h
2023-10-11 23:00:00,BetMGM,Carolina Hurricanes,Ottawa Senators,260,-375,spreads
2023-10-11 23:00:00,Barstool Sportsbook,Carolina Hurricanes,Ottawa Senators,-20000,4000,h2h
2023-10-11 23:00:00,Bovada,Montréal Canadiens,Toronto Maple Leafs,110,-145,h2h
2023-10-11 23:00:00,Bovada,Montréal Canadiens,Toronto Maple Leafs,135,-175,spreads
2023-10-11 23:00:00,Unibet,Montréal Canadiens,Toronto Maple Leafs,104,-129,h2h
2023-10-11 23:00:00,FanDuel,Montréal Canadiens,Toronto Maple Leafs,-104,-122,h2h
2023-10-11 23:00:00,TwinSpires,Montréal Canadiens,Toronto Maple Leafs,102,-125,h2h
2023-10-11 23:00:00,Caesars,Montréal Canadiens,Toronto Maple Leafs,110,-140,h2h
2023-10-11 23:00:00,Barstool Sportsbook,Montréal Canadiens,Toronto Maple Leafs,-105,-125,h2h
2023-10-11 23:00:00,BetMGM,Montréal Canadiens,Toronto Maple Leafs,115,-145,h2h
2023-10-11 23:00:00,PointsBet (US),Montréal Canadiens,Toronto Maple Leafs,-105,-125,h2h
2023-10-11 23:30:00,Bovada,Boston Bruins,Chicago Blackhawks,-1200,650,h2h
2023-10-11 23:30:00,Bovada,Boston Bruins,Chicago Blackhawks,-130,100,spreads
2023-10-11 23:30:00,Unibet,Boston Bruins,Chicago Blackhawks,-1430,800,h2h
2023-10-11 23:30:00,Unibet,Boston Bruins,Chicago Blackhawks,-122,-109,spreads
2023-10-11 23:30:00,FanDuel,Boston Bruins,Chicago Blackhawks,-2500,900,h2h
2023-10-11 23:30:00,FanDuel,Boston Bruins,Chicago Blackhawks,-125,-102,spreads
2023-10-11 23:30:00,TwinSpires,Boston Bruins,Chicago Blackhawks,-1667,800,h2h
2023-10-11 23:30:00,TwinSpires,Boston Bruins,Chicago Blackhawks,-117,-114,spreads
2023-10-11 23:30:00,Caesars,Boston Bruins,Chicago Blackhawks,-1300,700,h2h
2023-10-11 23:30:00,Caesars,Boston Bruins,Chicago Blackhawks,-150,120,spreads
2023-10-11 23:30:00,BetMGM,Boston Bruins,Chicago Blackhawks,-1200,700,h2h
2023-10-11 23:30:00,BetMGM,Boston Bruins,Chicago Blackhawks,-110,-120,spreads
2023-10-11 23:30:00,Barstool Sportsbook,Boston Bruins,Chicago Blackhawks,-2000,900,h2h
2023-10-11 23:30:00,PointsBet (US),Boston Bruins,Chicago Blackhawks,-1749,900,h2h
2023-10-12 02:10:00,DraftKings,Calgary Flames,Winnipeg Jets,-135,114,h2h
2023-10-12 02:10:00,DraftKings,Calgary Flames,Winnipeg Jets,180,-218,spreads
2023-10-12 02:10:00,LowVig.ag,Calgary Flames,Winnipeg Jets,-138,123,h2h
2023-10-12 02:10:00,LowVig.ag,Calgary Flames,Winnipeg Jets,178,-202,spreads
2023-10-12 02:10:00,Bovada,Calgary Flames,Winnipeg Jets,-140,120,h2h
2023-10-12 02:10:00,Bovada,Calgary Flames,Winnipeg Jets,175,-210,spreads
2023-10-12 02:10:00,Unibet,Calgary Flames,Winnipeg Jets,-136,112,h2h
2023-10-12 02:10:00,Unibet,Calgary Flames,Winnipeg Jets,175,-220,spreads
2023-10-12 02:10:00,FanDuel,Calgary Flames,Winnipeg Jets,-140,116,h2h
2023-10-12 02:10:00,FanDuel,Calgary Flames,Winnipeg Jets,168,-205,spreads
2023-10-12 02:10:00,BetRivers,Calgary Flames,Winnipeg Jets,-136,112,h2h
2023-10-12 02:10:00,BetRivers,Calgary Flames,Winnipeg Jets,175,-220,spreads
2023-10-12 02:10:00,TwinSpires,Calgary Flames,Winnipeg Jets,-136,112,h2h
2023-10-12 02:10:00,TwinSpires,Calgary Flames,Winnipeg Jets,175,-220,spreads
2023-10-12 02:10:00,BetOnline.ag,Calgary Flames,Winnipeg Jets,-139,123,h2h
2023-10-12 02:10:00,BetOnline.ag,Calgary Flames,Winnipeg Jets,175,-204,spreads
2023-10-12 02:10:00,Caesars,Calgary Flames,Winnipeg Jets,-135,115,h2h
2023-10-12 02:10:00,Caesars,Calgary Flames,Winnipeg Jets,175,-210,spreads
2023-10-12 02:10:00,BetMGM,Calgary Flames,Winnipeg Jets,-135,115,h2h
2023-10-12 02:10:00,BetMGM,Calgary Flames,Winnipeg Jets,180,-225,spreads
2023-10-12 02:10:00,PointsBet (US),Calgary Flames,Winnipeg Jets,-130,110,h2h
2023-10-12 02:10:00,Barstool Sportsbook,Calgary Flames,Winnipeg Jets,-140,120,h2h
2023-10-12 02:10:00,BetUS,Calgary Flames,Winnipeg Jets,-135,115,h2h
2023-10-12 02:10:00,BetUS,Calgary Flames,Winnipeg Jets,175,-205,spreads
2023-10-12 02:10:00,SuperBook,Calgary Flames,Winnipeg Jets,-144,124,h2h
2023-10-12 02:10:00,DraftKings,Edmonton Oilers,Vancouver Canucks,-155,130,h2h
2023-10-12 02:10:00,DraftKings,Edmonton Oilers,Vancouver Canucks,145,-175,spreads
2023-10-12 02:10:00,LowVig.ag,Edmonton Oilers,Vancouver Canucks,-153,136,h2h
2023-10-12 02:10:00,LowVig.ag,Edmonton Oilers,Vancouver Canucks,156,-175,spreads
2023-10-12 02:10:00,Bovada,Edmonton Oilers,Vancouver Canucks,-160,135,h2h
2023-10-12 02:10:00,Bovada,Edmonton Oilers,Vancouver Canucks,155,-180,spreads
2023-10-12 02:10:00,Unibet,Edmonton Oilers,Vancouver Canucks,-162,133,h2h
2023-10-12 02:10:00,Unibet,Edmonton Oilers,Vancouver Canucks,150,-182,spreads
2023-10-12 02:10:00,FanDuel,Edmonton Oilers,Vancouver Canucks,-160,132,h2h
2023-10-12 02:10:00,FanDuel,Edmonton Oilers,Vancouver Canucks,146,-178,spreads
2023-10-12 02:10:00,BetRivers,Edmonton Oilers,Vancouver Canucks,-162,133,h2h
2023-10-12 02:10:00,BetRivers,Edmonton Oilers,Vancouver Canucks,150,-182,spreads
2023-10-12 02:10:00,TwinSpires,Edmonton Oilers,Vancouver Canucks,-162,133,h2h
2023-10-12 02:10:00,TwinSpires,Edmonton Oilers,Vancouver Canucks,150,-182,spreads
2023-10-12 02:10:00,BetOnline.ag,Edmonton Oilers,Vancouver Canucks,-154,136,h2h
2023-10-12 02:10:00,BetOnline.ag,Edmonton Oilers,Vancouver Canucks,155,-175,spreads
2023-10-12 02:10:00,Caesars,Edmonton Oilers,Vancouver Canucks,-155,130,h2h
2023-10-12 02:10:00,Caesars,Edmonton Oilers,Vancouver Canucks,143,-170,spreads
2023-10-12 02:10:00,BetMGM,Edmonton Oilers,Vancouver Canucks,-155,130,h2h
2023-10-12 02:10:00,BetMGM,Edmonton Oilers,Vancouver Canucks,145,-175,spreads
2023-10-12 02:10:00,PointsBet (US),Edmonton Oilers,Vancouver Canucks,-150,125,h2h
2023-10-12 02:10:00,Barstool Sportsbook,Edmonton Oilers,Vancouver Canucks,-155,130,h2h
2023-10-12 02:10:00,BetUS,Edmonton Oilers,Vancouver Canucks,-158,138,h2h
2023-10-12 02:10:00,BetUS,Edmonton Oilers,Vancouver Canucks,155,-175,spreads
2023-10-12 02:10:00,SuperBook,Edmonton Oilers,Vancouver Canucks,-150,130,h2h
2023-10-12 02:27:00,DraftKings,Colorado Avalanche,Los Angeles Kings,-125,105,h2h
2023-10-12 02:27:00,DraftKings,Colorado Avalanche,Los Angeles Kings,200,-245,spreads
2023-10-12 02:27:00,LowVig.ag,Colorado Avalanche,Los Angeles Kings,-126,112,h2h
2023-10-12 02:27:00,LowVig.ag,Colorado Avalanche,Los Angeles Kings,210,-240,spreads
2023-10-12 02:27:00,Bovada,Colorado Avalanche,Los Angeles Kings,-130,110,h2h
2023-10-12 02:27:00,Bovada,Colorado Avalanche,Los Angeles Kings,200,-240,spreads
2023-10-12 02:27:00,Unibet,Colorado Avalanche,Los Angeles Kings,-130,108,h2h
2023-10-12 02:27:00,Unibet,Colorado Avalanche,Los Angeles Kings,188,-235,spreads
2023-10-12 02:27:00,FanDuel,Colorado Avalanche,Los Angeles Kings,-126,105,h2h
2023-10-12 02:27:00,FanDuel,Colorado Avalanche,Los Angeles Kings,195,-240,spreads
2023-10-12 02:27:00,BetRivers,Colorado Avalanche,Los Angeles Kings,-130,108,h2h
2023-10-12 02:27:00,BetRivers,Colorado Avalanche,Los Angeles Kings,188,-235,spreads
2023-10-12 02:27:00,TwinSpires,Colorado Avalanche,Los Angeles Kings,-130,108,h2h
2023-10-12 02:27:00,TwinSpires,Colorado Avalanche,Los Angeles Kings,188,-235,spreads
2023-10-12 02:27:00,BetOnline.ag,Colorado Avalanche,Los Angeles Kings,-127,112,h2h
2023-10-12 02:27:00,BetOnline.ag,Colorado Avalanche,Los Angeles Kings,205,-244,spreads
2023-10-12 02:27:00,Caesars,Colorado Avalanche,Los Angeles Kings,-125,105,h2h
2023-10-12 02:27:00,Caesars,Colorado Avalanche,Los Angeles Kings,196,-240,spreads
2023-10-12 02:27:00,BetMGM,Colorado Avalanche,Los Angeles Kings,-125,105,h2h
2023-10-12 02:27:00,BetMGM,Colorado Avalanche,Los Angeles Kings,185,-225,spreads
2023-10-12 02:27:00,PointsBet (US),Colorado Avalanche,Los Angeles Kings,-125,105,h2h
2023-10-12 02:27:00,Barstool Sportsbook,Colorado Avalanche,Los Angeles Kings,-130,110,h2h
2023-10-12 02:27:00,BetUS,Colorado Avalanche,Los Angeles Kings,-125,105,h2h
2023-10-12 02:27:00,BetUS,Colorado Avalanche,Los Angeles Kings,200,-240,spreads
2023-10-12 02:27:00,SuperBook,Colorado Avalanche,Los Angeles Kings,-128,108,h2h
2023-10-12 23:00:00,DraftKings,Columbus Blue Jackets,Philadelphia Flyers,-130,110,h2h
2023-10-12 23:00:00,DraftKings,Columbus Blue Jackets,Philadelphia Flyers,180,-218,spreads
2023-10-12 23:00:00,Bovada,Columbus Blue Jackets,Philadelphia Flyers,-120,100,h2h
2023-10-12 23:00:00,Bovada,Columbus Blue Jackets,Philadelphia Flyers,195,-235,spreads
2023-10-12 23:00:00,FanDuel,Columbus Blue Jackets,Philadelphia Flyers,-125,104,h2h
2023-10-12 23:00:00,FanDuel,Columbus Blue Jackets,Philadelphia Flyers,188,-230,spreads
2023-10-12 23:00:00,Caesars,Columbus Blue Jackets,Philadelphia Flyers,-130,110,h2h
2023-10-12 23:00:00,Caesars,Columbus Blue Jackets,Philadelphia Flyers,185,-225,spreads
2023-10-12 23:00:00,BetMGM,Columbus Blue Jackets,Philadelphia Flyers,-130,110,h2h
2023-10-12 23:00:00,BetMGM,Columbus Blue Jackets,Philadelphia Flyers,180,-225,spreads
2023-10-12 23:00:00,PointsBet (US),Columbus Blue Jackets,Philadelphia Flyers,-125,105,h2h
2023-10-12 23:00:00,LowVig.ag,Columbus Blue Jackets,Philadelphia Flyers,-120,107,h2h
2023-10-12 23:00:00,LowVig.ag,Columbus Blue Jackets,Philadelphia Flyers,197,-224,spreads
2023-10-12 23:00:00,BetOnline.ag,Columbus Blue Jackets,Philadelphia Flyers,-120,107,h2h
2023-10-12 23:00:00,BetOnline.ag,Columbus Blue Jackets,Philadelphia Flyers,195,-227,spreads
2023-10-12 23:00:00,BetRivers,Columbus Blue Jackets,Philadelphia Flyers,-127,105,h2h
2023-10-12 23:00:00,BetRivers,Columbus Blue Jackets,Philadelphia Flyers,190,-235,spreads
2023-10-12 23:00:00,TwinSpires,Columbus Blue Jackets,Philadelphia Flyers,-127,105,h2h
2023-10-12 23:00:00,TwinSpires,Columbus Blue Jackets,Philadelphia Flyers,190,-235,spreads
2023-10-12 23:00:00,Unibet,Columbus Blue Jackets,Philadelphia Flyers,-127,105,h2h
2023-10-12 23:00:00,Unibet,Columbus Blue Jackets,Philadelphia Flyers,190,-235,spreads
2023-10-12 23:00:00,SuperBook,Columbus Blue Jackets,Philadelphia Flyers,-130,110,h2h
2023-10-12 23:00:00,DraftKings,Detroit Red Wings,New Jersey Devils,215,-265,h2h
2023-10-12 23:00:00,DraftKings,Detroit Red Wings,New Jersey Devils,-105,-115,spreads
2023-10-12 23:00:00,Bovada,Detroit Red Wings,New Jersey Devils,220,-270,h2h
2023-10-12 23:00:00,Bovada,Detroit Red Wings,New Jersey Devils,-115,-105,spreads
2023-10-12 23:00:00,FanDuel,Detroit Red Wings,New Jersey Devils,210,-260,h2h
2023-10-12 23:00:00,FanDuel,Detroit Red Wings,New Jersey Devils,-115,-104,spreads
2023-10-12 23:00:00,Caesars,Detroit Red Wings,New Jersey Devils,215,-267,h2h
2023-10-12 23:00:00,Caesars,Detroit Red Wings,New Jersey Devils,-110,-110,spreads
2023-10-12 23:00:00,BetMGM,Detroit Red Wings,New Jersey Devils,220,-275,h2h
2023-10-12 23:00:00,BetMGM,Detroit Red Wings,New Jersey Devils,-110,-110,spreads
2023-10-12 23:00:00,PointsBet (US),Detroit Red Wings,New Jersey Devils,240,-300,h2h
2023-10-12 23:00:00,BetOnline.ag,Detroit Red Wings,New Jersey Devils,220,-250,h2h
2023-10-12 23:00:00,BetOnline.ag,Detroit Red Wings,New Jersey Devils,-114,-106,spreads
2023-10-12 23:00:00,LowVig.ag,Detroit Red Wings,New Jersey Devils,220,-250,h2h
2023-10-12 23:00:00,LowVig.ag,Detroit Red Wings,New Jersey Devils,-110,-102,spreads
2023-10-12 23:00:00,TwinSpires,Detroit Red Wings,New Jersey Devils,220,-278,h2h
2023-10-12 23:00:00,TwinSpires,Detroit Red Wings,New Jersey Devils,-117,-105,spreads
2023-10-12 23:00:00,BetRivers,Detroit Red Wings,New Jersey Devils,220,-278,h2h
2023-10-12 23:00:00,BetRivers,Detroit Red Wings,New Jersey Devils,-117,-105,spreads
2023-10-12 23:00:00,Unibet,Detroit Red Wings,New Jersey Devils,220,-278,h2h
2023-10-12 23:00:00,Unibet,Detroit Red Wings,New Jersey Devils,-117,-105,spreads
2023-10-12 23:00:00,SuperBook,Detroit Red Wings,New Jersey Devils,215,-265,h2h
2023-10-12 23:05:00,DraftKings,Buffalo Sabres,New York Rangers,105,-125,h2h
2023-10-12 23:05:00,DraftKings,Buffalo Sabres,New York Rangers,-250,205,spreads
2023-10-12 23:05:00,Bovada,Buffalo Sabres,New York Rangers,120,-140,h2h
2023-10-12 23:05:00,Bovada,Buffalo Sabres,New York Rangers,-220,180,spreads
2023-10-12 23:05:00,FanDuel,Buffalo Sabres,New York Rangers,104,-125,h2h
2023-10-12 23:05:00,FanDuel,Buffalo Sabres,New York Rangers,-225,184,spreads
2023-10-12 23:05:00,Caesars,Buffalo Sabres,New York Rangers,115,-135,h2h
2023-10-12 23:05:00,Caesars,Buffalo Sabres,New York Rangers,-225,185,spreads
2023-10-12 23:05:00,BetMGM,Buffalo Sabres,New York Rangers,110,-130,h2h
2023-10-12 23:05:00,BetMGM,Buffalo Sabres,New York Rangers,-225,180,spreads
2023-10-12 23:05:00,PointsBet (US),Buffalo Sabres,New York Rangers,105,-125,h2h
2023-10-12 23:05:00,LowVig.ag,Buffalo Sabres,New York Rangers,117,-131,h2h
2023-10-12 23:05:00,LowVig.ag,Buffalo Sabres,New York Rangers,-213,188,spreads
2023-10-12 23:05:00,BetOnline.ag,Buffalo Sabres,New York Rangers,117,-132,h2h
2023-10-12 23:05:00,BetOnline.ag,Buffalo Sabres,New York Rangers,-217,185,spreads
2023-10-12 23:05:00,TwinSpires,Buffalo Sabres,New York Rangers,106,-129,h2h
2023-10-12 23:05:00,TwinSpires,Buffalo Sabres,New York Rangers,-235,190,spreads
2023-10-12 23:05:00,Unibet,Buffalo Sabres,New York Rangers,106,-129,h2h
2023-10-12 23:05:00,Unibet,Buffalo Sabres,New York Rangers,-235,190,spreads
2023-10-12 23:05:00,BetRivers,Buffalo Sabres,New York Rangers,106,-129,h2h
2023-10-12 23:05:00,BetRivers,Buffalo Sabres,New York Rangers,-235,190,spreads
2023-10-12 23:05:00,SuperBook,Buffalo Sabres,New York Rangers,113,-133,h2h
2023-10-13 00:00:00,DraftKings,Dallas Stars,St Louis Blues,-205,170,h2h
2023-10-13 00:00:00,DraftKings,Dallas Stars,St Louis Blues,114,-135,spreads
2023-10-13 00:00:00,Bovada,Dallas Stars,St Louis Blues,-220,180,h2h
2023-10-13 00:00:00,Bovada,Dallas Stars,St Louis Blues,120,-140,spreads
2023-10-13 00:00:00,Caesars,Dallas Stars,St Louis Blues,-210,175,h2h
2023-10-13 00:00:00,Caesars,Dallas Stars,St Louis Blues,115,-135,spreads
2023-10-13 00:00:00,BetMGM,Dallas Stars,St Louis Blues,-225,180,h2h
2023-10-13 00:00:00,BetMGM,Dallas Stars,St Louis Blues,110,-135,spreads
2023-10-13 00:00:00,PointsBet (US),Dallas Stars,St Louis Blues,-200,165,h2h
2023-10-13 00:00:00,BetOnline.ag,Dallas Stars,St Louis Blues,-208,186,h2h
2023-10-13 00:00:00,BetOnline.ag,Dallas Stars,St Louis Blues,120,-141,spreads
2023-10-13 00:00:00,LowVig.ag,Dallas Stars,St Louis Blues,-210,186,h2h
2023-10-13 00:00:00,LowVig.ag,Dallas Stars,St Louis Blues,123,-138,spreads
2023-10-13 00:00:00,TwinSpires,Dallas Stars,St Louis Blues,-230,180,h2h
2023-10-13 00:00:00,TwinSpires,Dallas Stars,St Louis Blues,114,-137,spreads
2023-10-13 00:00:00,Unibet,Dallas Stars,St Louis Blues,-230,180,h2h
2023-10-13 00:00:00,Unibet,Dallas Stars,St Louis Blues,114,-137,spreads
2023-10-13 00:00:00,BetRivers,Dallas Stars,St Louis Blues,-230,180,h2h
2023-10-13 00:00:00,BetRivers,Dallas Stars,St Louis Blues,114,-137,spreads
2023-10-13 00:00:00,FanDuel,Dallas Stars,St Louis Blues,-210,172,h2h
2023-10-13 00:00:00,FanDuel,Dallas Stars,St Louis Blues,116,-140,spreads
2023-10-13 00:00:00,SuperBook,Dallas Stars,St Louis Blues,-220,185,h2h
2023-10-13 00:00:00,DraftKings,Florida Panthers,Minnesota Wild,105,-125,h2h
2023-10-13 00:00:00,DraftKings,Florida Panthers,Minnesota Wild,-230,190,spreads
2023-10-13 00:00:00,Bovada,Florida Panthers,Minnesota Wild,105,-125,h2h
2023-10-13 00:00:00,Bovada,Florida Panthers,Minnesota Wild,-230,190,spreads
2023-10-13 00:00:00,FanDuel,Florida Panthers,Minnesota Wild,110,-132,h2h
2023-10-13 00:00:00,FanDuel,Florida Panthers,Minnesota Wild,-215,176,spreads
2023-10-13 00:00:00,Caesars,Florida Panthers,Minnesota Wild,105,-125,h2h
2023-10-13 00:00:00,Caesars,Florida Panthers,Minnesota Wild,-235,192,spreads
2023-10-13 00:00:00,BetMGM,Florida Panthers,Minnesota Wild,105,-125,h2h
2023-10-13 00:00:00,BetMGM,Florida Panthers,Minnesota Wild,-225,185,spreads
2023-10-13 00:00:00,PointsBet (US),Florida Panthers,Minnesota Wild,105,-125,h2h
2023-10-13 00:00:00,LowVig.ag,Florida Panthers,Minnesota Wild,110,-124,h2h
2023-10-13 00:00:00,LowVig.ag,Florida Panthers,Minnesota Wild,-224,197,spreads
2023-10-13 00:00:00,BetOnline.ag,Florida Panthers,Minnesota Wild,110,-123,h2h
2023-10-13 00:00:00,BetOnline.ag,Florida Panthers,Minnesota Wild,-227,195,spreads
2023-10-13 00:00:00,Unibet,Florida Panthers,Minnesota Wild,112,-136,h2h
2023-10-13 00:00:00,Unibet,Florida Panthers,Minnesota Wild,-220,175,spreads
2023-10-13 00:00:00,BetRivers,Florida Panthers,Minnesota Wild,112,-136,h2h
2023-10-13 00:00:00,BetRivers,Florida Panthers,Minnesota Wild,-220,175,spreads
2023-10-13 00:00:00,TwinSpires,Florida Panthers,Minnesota Wild,112,-136,h2h
2023-10-13 00:00:00,TwinSpires,Florida Panthers,Minnesota Wild,-220,175,spreads
2023-10-13 00:00:00,SuperBook,Florida Panthers,Minnesota Wild,107,-126,h2h
2023-10-13 00:00:00,DraftKings,Nashville Predators,Seattle Kraken,-110,-110,h2h
2023-10-13 00:00:00,DraftKings,Nashville Predators,Seattle Kraken,210,-258,spreads
2023-10-13 00:00:00,Bovada,Nashville Predators,Seattle Kraken,-110,-110,h2h
2023-10-13 00:00:00,Bovada,Nashville Predators,Seattle Kraken,230,-280,spreads
2023-10-13 00:00:00,FanDuel,Nashville Predators,Seattle Kraken,-110,-110,h2h
2023-10-13 00:00:00,FanDuel,Nashville Predators,Seattle Kraken,225,-280,spreads
2023-10-13 00:00:00,BetMGM,Nashville Predators,Seattle Kraken,-110,-110,h2h
2023-10-13 00:00:00,BetMGM,Nashville Predators,Seattle Kraken,200,-250,spreads
2023-10-13 00:00:00,LowVig.ag,Nashville Predators,Seattle Kraken,-111,-101,h2h
2023-10-13 00:00:00,LowVig.ag,Nashville Predators,Seattle Kraken,-262,229,spreads
2023-10-13 00:00:00,BetOnline.ag,Nashville Predators,Seattle Kraken,-111,-101,h2h
2023-10-13 00:00:00,BetOnline.ag,Nashville Predators,Seattle Kraken,-263,225,spreads
2023-10-13 00:00:00,Unibet,Nashville Predators,Seattle Kraken,-110,-110,h2h
2023-10-13 00:00:00,Unibet,Nashville Predators,Seattle Kraken,220,-278,spreads
2023-10-13 00:00:00,BetRivers,Nashville Predators,Seattle Kraken,-110,-110,h2h
2023-10-13 00:00:00,BetRivers,Nashville Predators,Seattle Kraken,220,-278,spreads
2023-10-13 00:00:00,TwinSpires,Nashville Predators,Seattle Kraken,-110,-110,h2h
2023-10-13 00:00:00,TwinSpires,Nashville Predators,Seattle Kraken,220,-278,spreads
2023-10-13 00:00:00,PointsBet (US),Nashville Predators,Seattle Kraken,-110,-110,h2h
2023-10-13 00:00:00,Caesars,Nashville Predators,Seattle Kraken,-115,-105,h2h
2023-10-13 00:00:00,Caesars,Nashville Predators,Seattle Kraken,-267,215,spreads
2023-10-13 00:00:00,SuperBook,Nashville Predators,Seattle Kraken,-108,-108,h2h
2023-10-13 02:30:00,DraftKings,San Jose Sharks,Vegas Golden Knights,200,-245,h2h
2023-10-13 02:30:00,DraftKings,San Jose Sharks,Vegas Golden Knights,-120,100,spreads
2023-10-13 02:30:00,Bovada,San Jose Sharks,Vegas Golden Knights,210,-250,h2h
2023-10-13 02:30:00,Bovada,San Jose Sharks,Vegas Golden Knights,-125,105,spreads
2023-10-13 02:30:00,FanDuel,San Jose Sharks,Vegas Golden Knights,198,-245,h2h
2023-10-13 02:30:00,FanDuel,San Jose Sharks,Vegas Golden Knights,-120,100,spreads
2023-10-13 02:30:00,Caesars,San Jose Sharks,Vegas Golden Knights,196,-240,h2h
2023-10-13 02:30:00,Caesars,San Jose Sharks,Vegas Golden Knights,-125,105,spreads
2023-10-13 02:30:00,BetMGM,San Jose Sharks,Vegas Golden Knights,190,-250,h2h
2023-10-13 02:30:00,BetMGM,San Jose Sharks,Vegas Golden Knights,-125,105,spreads
2023-10-13 02:30:00,TwinSpires,San Jose Sharks,Vegas Golden Knights,185,-230,h2h
2023-10-13 02:30:00,TwinSpires,San Jose Sharks,Vegas Golden Knights,-137,114,spreads
2023-10-13 02:30:00,Unibet,San Jose Sharks,Vegas Golden Knights,185,-230,h2h
2023-10-13 02:30:00,Unibet,San Jose Sharks,Vegas Golden Knights,-137,114,spreads
2023-10-13 02:30:00,BetRivers,San Jose Sharks,Vegas Golden Knights,185,-230,h2h
2023-10-13 02:30:00,BetRivers,San Jose Sharks,Vegas Golden Knights,-137,114,spreads
2023-10-13 02:30:00,PointsBet (US),San Jose Sharks,Vegas Golden Knights,190,-240,h2h
2023-10-13 02:30:00,LowVig.ag,San Jose Sharks,Vegas Golden Knights,203,-230,h2h
2023-10-13 02:30:00,LowVig.ag,San Jose Sharks,Vegas Golden Knights,-122,108,spreads
2023-10-13 02:30:00,BetOnline.ag,San Jose Sharks,Vegas Golden Knights,203,-227,h2h
2023-10-13 02:30:00,BetOnline.ag,San Jose Sharks,Vegas Golden Knights,-125,105,spreads
2023-10-13 02:30:00,SuperBook,San Jose Sharks,Vegas Golden Knights,195,-240,h2h
2023-10-13 23:00:00,DraftKings,Arizona Coyotes,New Jersey Devils,230,-285,h2h
2023-10-13 23:00:00,DraftKings,Arizona Coyotes,New Jersey Devils,100,-120,spreads
2023-10-13 23:00:00,FanDuel,Arizona Coyotes,New Jersey Devils,220,-275,h2h
2023-10-13 23:00:00,FanDuel,Arizona Coyotes,New Jersey Devils,-108,-111,spreads
2023-10-13 23:00:00,Caesars,Arizona Coyotes,New Jersey Devils,228,-285,h2h
2023-10-13 23:00:00,Caesars,Arizona Coyotes,New Jersey Devils,100,-120,spreads
2023-10-13 23:00:00,Bovada,Arizona Coyotes,New Jersey Devils,225,-275,h2h
2023-10-13 23:00:00,Bovada,Arizona Coyotes,New Jersey Devils,100,-120,spreads
2023-10-13 23:00:00,BetRivers,Arizona Coyotes,New Jersey Devils,225,-286,h2h
2023-10-13 23:00:00,Unibet,Arizona Coyotes,New Jersey Devils,225,-286,h2h
2023-10-13 23:00:00,TwinSpires,Arizona Coyotes,New Jersey Devils,225,-286,h2h
2023-10-13 23:00:00,LowVig.ag,Arizona Coyotes,New Jersey Devils,220,-250,h2h
2023-10-13 23:00:00,LowVig.ag,Arizona Coyotes,New Jersey Devils,-106,-106,spreads
2023-10-13 23:00:00,BetOnline.ag,Arizona Coyotes,New Jersey Devils,220,-250,h2h
2023-10-13 23:00:00,BetOnline.ag,Arizona Coyotes,New Jersey Devils,-110,-110,spreads
2023-10-13 23:00:00,DraftKings,Pittsburgh Penguins,Washington Capitals,-120,100,h2h
2023-10-13 23:00:00,DraftKings,Pittsburgh Penguins,Washington Capitals,195,-238,spreads
2023-10-13 23:00:00,FanDuel,Pittsburgh Penguins,Washington Capitals,-115,-104,h2h
2023-10-13 23:00:00,FanDuel,Pittsburgh Penguins,Washington Capitals,198,-245,spreads
2023-10-13 23:00:00,Caesars,Pittsburgh Penguins,Washington Capitals,-120,100,h2h
2023-10-13 23:00:00,Caesars,Pittsburgh Penguins,Washington Capitals,196,-240,spreads
2023-10-13 23:00:00,Bovada,Pittsburgh Penguins,Washington Capitals,-120,100,h2h
2023-10-13 23:00:00,Bovada,Pittsburgh Penguins,Washington Capitals,190,-230,spreads
2023-10-13 23:00:00,BetRivers,Pittsburgh Penguins,Washington Capitals,-117,-104,h2h
2023-10-13 23:00:00,Unibet,Pittsburgh Penguins,Washington Capitals,-117,-104,h2h
2023-10-13 23:00:00,TwinSpires,Pittsburgh Penguins,Washington Capitals,-117,-104,h2h
2023-10-13 23:00:00,LowVig.ag,Pittsburgh Penguins,Washington Capitals,-115,102,h2h
2023-10-13 23:00:00,LowVig.ag,Pittsburgh Penguins,Washington Capitals,215,-246,spreads
2023-10-13 23:00:00,BetOnline.ag,Pittsburgh Penguins,Washington Capitals,-115,102,h2h
2023-10-13 23:00:00,BetOnline.ag,Pittsburgh Penguins,Washington Capitals,210,-250,spreads
2023-10-14 17:00:00,DraftKings,Ottawa Senators,Philadelphia Flyers,-185,154,h2h
2023-10-14 17:00:00,DraftKings,Ottawa Senators,Philadelphia Flyers,136,-162,spreads
2023-10-14 20:00:00,DraftKings,Florida Panthers,Winnipeg Jets,-110,-110,h2h
2023-10-14 20:00:00,DraftKings,Florida Panthers,Winnipeg Jets,-245,200,spreads
2023-10-14 23:00:00,DraftKings,Boston Bruins,Nashville Predators,-205,170,h2h
2023-10-14 23:00:00,DraftKings,Boston Bruins,Nashville Predators,124,-148,spreads
2023-10-14 23:00:00,DraftKings,Calgary Flames,Pittsburgh Penguins,-105,-115,h2h
2023-10-14 23:00:00,DraftKings,Calgary Flames,Pittsburgh Penguins,-245,200,spreads
2023-10-14 23:00:00,DraftKings,Chicago Blackhawks,Montréal Canadiens,110,-130,h2h
2023-10-14 23:00:00,DraftKings,Chicago Blackhawks,Montréal Canadiens,-225,185,spreads
2023-10-14 23:00:00,DraftKings,Columbus Blue Jackets,New York Rangers,164,-198,h2h
2023-10-14 23:00:00,DraftKings,Columbus Blue Jackets,New York Rangers,-155,130,spreads
2023-10-14 23:00:00,DraftKings,Detroit Red Wings,Tampa Bay Lightning,-110,-110,h2h
2023-10-14 23:00:00,DraftKings,Detroit Red Wings,Tampa Bay Lightning,215,-265,spreads
2023-10-14 23:00:00,DraftKings,Minnesota Wild,Toronto Maple Leafs,145,-175,h2h
2023-10-14 23:00:00,DraftKings,Minnesota Wild,Toronto Maple Leafs,-175,145,spreads
2023-10-14 23:30:00,DraftKings,Buffalo Sabres,New York Islanders,110,-130,h2h
2023-10-14 23:30:00,DraftKings,Buffalo Sabres,New York Islanders,-230,190,spreads
2023-10-14 23:30:00,Caesars,Buffalo Sabres,New York Islanders,110,-130,h2h
2023-10-14 23:30:00,Caesars,Buffalo Sabres,New York Islanders,-235,192,spreads
2023-10-15 00:00:00,DraftKings,Seattle Kraken,St Louis Blues,-110,-110,h2h
2023-10-15 00:00:00,DraftKings,Seattle Kraken,St Louis Blues,205,-250,spreads
2023-10-15 02:00:00,DraftKings,Anaheim Ducks,Vegas Golden Knights,280,-355,h2h
2023-10-15 02:00:00,DraftKings,Anaheim Ducks,Vegas Golden Knights,120,-142,spreads
2023-10-15 02:00:00,Caesars,Anaheim Ducks,Vegas Golden Knights,275,-350,h2h
2023-10-15 02:00:00,Caesars,Anaheim Ducks,Vegas Golden Knights,118,-140,spreads
2023-10-15 02:00:00,DraftKings,Colorado Avalanche,San Jose Sharks,-245,200,h2h
2023-10-15 02:00:00,DraftKings,Colorado Avalanche,San Jose Sharks,-105,-115,spreads
2023-10-15 02:00:00,DraftKings,Edmonton Oilers,Vancouver Canucks,-192,160,h2h
2023-10-15 02:00:00,DraftKings,Edmonton Oilers,Vancouver Canucks,120,-142,spreads
2023-10-15 02:30:00,DraftKings,Carolina Hurricanes,Los Angeles Kings,-125,105,h2h
2023-10-15 02:30:00,DraftKings,Carolina Hurricanes,Los Angeles Kings,200,-245,spreads
